[
	{
		"Id": "BobaCafe.greenbobatea",
		"GroupId": "BobaCafe.Caroline", 
		"Title": "Green Boba Tea",
		"Text": "Dear @^It's getting to the right time of year again and I wanted to share my recipe for Boba Tea. Enjoy. -Caroline",
		"Recipe": "Green Boba Tea",
        "WhichBG": 0, 
		"TextColor": 0,
        "Repeatable": false,
		"Date": "5 spring Y2", 
		"FriendshipConditions": 
		[
			{
				"NpcName": "Caroline", 
				"FriendshipLevel": 1
			}
		],
		"RecipeNotKnown": ["Green Boba Tea"]
	},
	{
		"Id": "BobaCafe.strawberryboba",
		"GroupId": "BobaCafe.Caroline", 
		"Title": "Strawberry Boba Tea",
		"Text": "Dear @^Try adding some milk and strawberry to the boba tea! -Caroline",
		"Recipe": "Strawberry Boba Tea",
        "WhichBG": 0, 
		"TextColor": 0,
        "Repeatable": false,
		"Date": "12 spring Y2", 
		"FriendshipConditions": 
		[
			{
				"NpcName": "Caroline", 
				"FriendshipLevel": 2
			}
		],
		"RecipeNotKnown": ["Strawberry Boba Tea"]
    },
	{
		"Id": "BobaCafe.cherryboba",
		"GroupId": "BobaCafe.Caroline", 
		"Title": "Cherry Boba Tea",
		"Text": "Dear @^Add some cherries as well, it's my new favorite! -Caroline",
		"Recipe": "Cherry Boba Tea",
        "WhichBG": 0, 
		"TextColor": 0,
        "Repeatable": false,
		"Date": "17 spring Y2", 
		"FriendshipConditions": 
		[
			{
				"NpcName": "Caroline", 
				"FriendshipLevel": 3
			}
		],
		"RecipeNotKnown": ["Cherry Boba Tea"]
    },
	{
		"Id": "BobaCafe.melonboba",
		"GroupId": "BobaCafe.Caroline", 
		"Title": "Melon Boba Tea",
		"Text": "Dear @^Melon boba tea tastes like summer to me! -Caroline",
		"Recipe": "Melon Boba Tea",
        "WhichBG": 0, 
		"TextColor": 0,
        "Repeatable": false,
		"Date": "21 spring Y2", 
		"FriendshipConditions": 
		[
			{
				"NpcName": "Caroline", 
				"FriendshipLevel": 3
			}
		],
		"RecipeNotKnown": ["Melon Boba Tea"]
	},
	{
		"Id": "BobaCafe.grapeboba",
		"GroupId": "BobaCafe.Caroline", 
		"Title": "Grape Boba Tea",
		"Text": "Dear @^Grape boba tea tastes amazing! -Caroline",
		"Recipe": "Grape Boba Tea",
        "WhichBG": 0, 
		"TextColor": 0,
        "Repeatable": false,
		"Date": "24 spring Y2", 
		"FriendshipConditions": 
		[
			{
				"NpcName": "Caroline", 
				"FriendshipLevel": 4
			}
		],
		"RecipeNotKnown": ["Grape Boba Tea"]
    },
	{
		"Id": "BobaCafe.coffeeboba",
		"GroupId": "BobaCafe.Caroline", 
		"Title": "Iced Coffee Boba",
		"Text": "Dear @^For a little more energy, try Iced Coffee boba if you need a bit more of a kick! -Caroline",
		"Recipe": "Iced Coffee Boba",
        "WhichBG": 0, 
		"TextColor": 0,
        "Repeatable": false,
		"Date": "27 spring Y2", 
		"FriendshipConditions": 
		[
			{
				"NpcName": "Caroline", 
				"FriendshipLevel": 4
			}
		],
		"RecipeNotKnown": ["Iced Coffee Boba"]
    }
]
