[
	{
		"Id": "BobaCafe.First",
		"GroupId": "BobaCafe.Caroline", 
		"Title": "Green Tea Boba",
		"Text": "Dear @^It's getting to the right time of year again and I wanted to share my recipe for Boba Tea. Enjoy. -Caroline",
		"Recipe": "Green Tea Boba",
        "WhichBG": 0, 
		"TextColor": 0,
        "Repeatable": false,
		"Date": "5 spring Y2", 
		"FriendshipConditions": 
		[
			{
				"NpcName": "Caroline", 
				"FriendshipLevel": 2
			}
		],
		"RecipeNotKnown": ["Green Tea Boba"]
    }
]