{
    "Name": "Cassava Root",
    "Description": "A starchy root. Edible after some processing.",
    "Category": "Vegetable",
    "Edibility": -20,
    "EdibleIsDrink": false,
    "Price": 50,
    "IsColored": false,
    "Recipe": null,
    "GiftTastes":
    {
        "Love": ["Caroline", "Pierre", "Dwarf"],
        "Like": ["Abigail", "Alex", "Leah", "Clint", "Demetrius", "Sebastian", "Elliott", "Emily", "Evelyn", "George", "Gus", "Harvey", "Jodi", "Kent", "Krobus", "Lewis", "Linus", "Marnie", "Maru", "Pam", "Penny", "Robin", "Shane", "Willy", "Wizard", "Sandy"],
        "Dislike": ["Haley", "Sam", "Jas", "Vincent"]
    },
    "NameLocalization":
    {
        "es": "",
        "ko": "",
        "de": "",
        "fr": "",
        "hu": "",
        "ja": "",
        "pt": "",
        "ru": "",
        "zh": ""
    },
    "DescriptionLocalization":
    {
        "es": "",
        "ko": "",
        "de": "",
        "fr": "",
        "hu": "",
        "ja": "",
        "pt": "",
        "ru": "",
        "zh": ""
    },
    "ContextTags": [
        "season_summer"
    ]
}
