{
    "Name": "Melon Boba Tea",
    "Description": "Boba with a bit of milk and melon added for taste.",
    "Category": "Cooking",
    "Edibility": 80,
    "EdibleIsDrink": true,
    "Price": 210,
    "IsColored": false,
    "Recipe": 
    {
        "ResultCount": 2,
        "Ingredients": [
            {
                "Object": "Green Tea",
                "Count": 1
            },
            {
                "Object": "Cassava Root",
                "Count": 1
            },
            {
                "Object": "Milk",
                "Count": 1
            },
            {
                "Object": "Melon",
                "Count": 1
            }
        ],
        "CanPurchase": false
    },
    "GiftTastes":
    {
        "Love": ["Abigail", "Caroline", "Sandy", "Sebastian", "Shane"],
        "Like": ["Haley", "Alex", "Leah", "Clint", "Demetrius", "Dwarf", "Elliott", "Emily", "Evelyn", "George", "Gus", "Harvey", "Jas", "Jodi", "Kent", "Krobus", "Lewis", "Linus", "Marnie", "Maru", "Pam", "Penny", "Pierre", "Robin", "Sam", "Vincent", "Willy", "Wizard"]
    },
    "NameLocalization":
    {
        "es": "",
        "ko": "",
        "de": "",
        "fr": "",
        "hu": "",
        "ja": "",
        "pt": "",
        "ru": "",
        "zh": ""
    },
    "DescriptionLocalization":
    {
        "es": "",
        "ko": "",
        "de": "",
        "fr": "",
        "hu": "",
        "ja": "",
        "pt": "",
        "ru": "",
        "zh": ""
    },
    "ContextTags": [
        "season_summer"
    ]
}
